ID|Number
1|1000
2|1001
3|1002
4|1003
5|1004
6|1005
7|1006
8|1007
9|1008
10|1009
11|1010
12|1011
13|1012
14|1013
15|1014
16|1015
17|1000
18|1001
19|1002
20|1003
21|1004
22|1005
23|1006
24|1007
25|1008
26|1009
27|1010
28|1011
29|1012
30|1013
31|1014
32|1015
33|1016
34|1017
35|2000
36|2001
37|2002
38|2003
39|2004
40|2005
41|2006
42|2007
43|2008
44|2009
45|2010
46|1000
47|1001
48|1002
49|1003
50|1004
51|1005
52|1006
53|1007
54|1008
55|1009
56|1010
57|1011
58|1012
59|1013
60|1014
61|1015
62|1016
63|1017
64|1018
65|2000
66|2001
67|2002
68|2003
69|2004
70|2005
71|2006
72|2007
73|2008
74|2009
75|2010
76|2011
77|2012
78|2013
79|2014
80|2015
81|1000
82|1001
83|1002
84|1003
85|1004
86|1005
87|1006
88|1007
89|1008
90|1009
91|1010
92|1011
93|1012
94|1000
95|1001
96|1002
97|1003
98|1004
99|1005
100|1006
101|1007
102|1008
103|1009
104|1010
105|1011
106|2000
107|2001
108|2002
109|2003
110|2004
111|2005
112|2006
113|2007
114|2008
115|2009
116|2010
117|2011
118|2012
119|2013
120|1000
121|1001
122|1002
123|1003
124|1004
125|1005
126|1006
127|1007
128|1008
129|1009
130|1010
131|1011
132|2000
133|2001
134|2002
135|2003
136|2004
137|2005
138|2006
139|2007
140|2008
141|2009
142|2010
143|2011
144|2012
145|2013
146|2014
147|2015
148|1000
149|1001
150|1002
151|1003
152|1004
153|1005
154|1006
155|1007
156|1008
157|1009
158|1010
159|1011
160|1012
161|2000
162|2001
163|2002
164|2003
165|2004
166|2005
167|2006
168|2007
169|2008
170|2009
171|2010
172|2011
173|2012
174|2013
175|2014
176|2015
177|2016
178|1000
179|1001
180|1002
181|1003
182|1004
183|1005
184|1006
185|1007
186|1008
187|1009
188|1000
189|1001
190|1002
191|1003
192|1004
193|1005
194|1006
195|1007
196|1008
197|1009
198|1010
199|1011
200|1012
201|1013
202|2000
203|2001
204|2002
205|2003
206|2004
207|2005
208|2006
209|2007
210|2008
211|2009
212|2010
213|2011
214|2012
215|2013
216|2014
217|2015
218|2016
219|1000
220|1001
221|1002
222|1003
223|1004
224|1005
225|1006
226|1007
227|1008
228|1009
229|1010
230|1011
231|1012
232|1013
233|1014
234|1015
235|1016
236|2000
237|2001
238|2002
239|2003
240|2004
241|2005
242|2006
243|2007
244|2008
245|2009
246|2010
247|2011
248|2012
249|2013
250|2014
251|2015
252|2016
253|2017
254|2018
255|1000
256|1001
257|1002
258|1003
259|1004
260|1005
261|1006
262|1007
263|1008
264|1009
265|1010
266|1011
267|1012
268|1013
269|1000
270|1001
271|1002
272|1003
273|1004
274|1005
275|1006
276|1007
277|1008
278|1009
279|1010
280|1011
281|1012
282|1013
283|2000
284|2001
285|2002
286|2003
287|2004
288|2005
289|2006
290|2007
291|2008
292|2009
293|2010
294|2011
295|2012
296|1000
297|1001
298|1002
299|1003
300|1004
301|1005
302|1006
303|1007
304|1008
305|1009
306|1010
307|1011
308|1012
309|1013
310|1014
311|1015
312|1016
313|2000
314|2001
315|2002
316|2003
317|2004
318|2005
319|2006
320|2007
321|2008
322|2009
323|1000
324|1001
325|1002
326|1003
327|1004
328|1005
329|1006
330|1007
331|1008
332|1009
333|1010
334|1011
335|1012
336|1013
337|1014
338|1015
339|1016
340|1000
341|1001
342|1002
343|1003
344|1004
345|1005
346|1006
347|1007
348|1008
349|1009
350|1010
351|1011
352|1012
353|1013
354|1014
355|1015
356|1000
357|1001
358|1002
359|1003
360|1004
361|1005
362|1006
363|1007
364|1008
365|1009
366|1010
367|1011
368|1012
369|1013
370|1014
371|2000
372|2001
373|2002
374|2003
375|2004
376|2005
377|2006
378|2007
379|2008
380|2009
381|1000
382|1001
383|1002
384|1003
385|1004
386|1005
387|1006
388|1007
389|1008
390|1009
391|1010
392|1011
393|1012
394|1013
395|2000
396|2001
397|2002
398|2003
399|2004
400|2005
401|2006
402|2007
403|2008
404|2009
405|2010
406|2011
407|1000
408|1001
409|1002
410|1003
411|1004
412|1005
413|1006
414|1007
415|1008
416|1009
417|1010
418|1011
419|1012
420|1013
421|1014
422|1015
423|1016
424|1017
425|1000
426|1001
427|1002
428|1003
429|1004
430|1005
431|1006
432|1007
433|1008
434|1009
435|1010
436|1011
437|1012
438|1013
439|1014
440|1015
441|2000
442|2001
443|2002
444|2003
445|2004
446|2005
447|2006
448|2007
449|2008
450|2009
451|2010
452|2011
453|2012
454|1000
455|1001
456|1002
457|1003
458|1004
459|1005
460|1006
461|1007
462|1008
463|1009
464|1010
465|1011
466|1012
467|1013
468|1014
469|1015
470|1016
471|1017
472|2000
473|2001
474|2002
475|2003
476|2004
477|2005
478|2006
479|2007
480|2008
481|2009
482|1000
483|1001
484|1002
485|1003
486|1004
487|1005
488|1006
489|1007
490|1008
491|1009
492|1010
493|1011
494|1012
495|1013
496|1014
497|1015
498|1000
499|1001
500|1002
501|1003
502|1004
503|1005
504|1006
505|1007
506|1008
507|1009
508|1010
509|1011
510|1012
511|1000
512|1001
513|1002
514|1003
515|1004
516|1005
517|1006
518|1007
519|1008
520|1009
521|1010
522|1011
523|1012
524|1013
525|1014
526|1015
527|1016
528|1017
529|1000
530|1001
531|1002
532|1003
533|1004
534|1005
535|1006
536|1007
537|1008
538|1009
539|1010
540|1011
541|1012
542|1013
543|1014
544|1015
545|1016
546|2000
547|2001
548|2002
549|2003
550|2004
551|2005
552|2006
553|2007
554|2008
555|2009
556|2010
557|2011
558|2012
559|2013
560|2014
561|2015
562|2016
563|2017
564|2018
565|1000
566|1001
567|1002
568|1003
569|1004
570|1005
571|1006
572|1007
573|1008
574|1009
575|1010
576|1011
577|2000
578|2001
579|2002
580|2003
581|2004
582|2005
583|2006
584|2007
585|2008
586|2009
587|2010
588|2011
589|2012
590|2013
591|2014
592|1000
593|1001
594|1002
595|1003
596|1004
597|1005
598|1006
599|1007
600|1008
601|1009
602|1010
603|2000
604|2001
605|2002
606|2003
607|2004
608|2005
609|2006
610|2007
611|2008
612|2009
613|2010
614|2011
615|2012
616|2013
617|2014
618|2015
619|2016
620|2017
621|2018
622|1000
623|1001
624|1002
625|1003
626|1004
627|1005
628|1006
629|1007
630|1008
631|1009
632|1010
633|2000
634|2001
635|2002
636|2003
637|2004
638|2005
639|2006
640|2007
641|2008
642|2009
643|2010
644|2011
645|2012
646|2013
647|2014
648|2015
649|2016
650|2017
651|2018
652|1000
653|1001
654|1002
655|1003
656|1004
657|1005
658|1006
659|1007
660|1008
661|1009
662|1000
663|1001
664|1002
665|1003
666|1004
667|1005
668|1006
669|1007
670|1008
671|1009
672|1010
673|1011
674|1012
675|1013
676|1014
677|1015
678|2000
679|2001
680|2002
681|2003
682|2004
683|2005
684|2006
685|2007
686|2008
687|2009
688|1000
689|1001
690|1002
691|1003
692|1004
693|1005
694|1006
695|1007
696|1008
697|1009
698|1010
699|1011
700|1012
701|1013
702|1014
703|1015
704|1000
705|1001
706|1002
707|1003
708|1004
709|1005
710|1006
711|1007
712|1008
713|1009
714|1010
715|1011
716|1012
717|1013
718|1014
719|1015
720|1016
721|1017
722|2000
723|2001
724|2002
725|2003
726|2004
727|2005
728|2006
729|2007
730|2008
731|2009
732|2010
733|2011
734|2012
735|2013
736|1000
737|1001
738|1002
739|1003
740|1004
741|1005
742|1006
743|1007
744|1008
745|1009
746|1010
747|2000
748|2001
749|2002
750|2003
751|2004
752|2005
753|2006
754|2007
755|2008
756|2009
757|2010
758|2011
759|2012
760|1000
761|1001
762|1002
763|1003
764|1004
765|1005
766|1006
767|1007
768|1008
769|1009
770|1010
771|1011
772|1012
773|1013
774|2000
775|2001
776|2002
777|2003
778|2004
779|2005
780|2006
781|2007
782|2008
783|2009
784|2010
785|2011
786|2012
787|1000
788|1001
789|1002
790|1003
791|1004
792|1005
793|1006
794|1007
795|1008
796|1009
797|1010
798|1011
799|1012
800|1013
801|1014
802|2000
803|2001
804|2002
805|2003
806|2004
807|2005
808|2006
809|2007
810|2008
811|2009
812|2010
813|1000
814|1001
815|1002
816|1003
817|1004
818|1005
819|1006
820|1007
821|1008
822|1009
823|1010
824|2000
825|2001
826|2002
827|2003
828|2004
829|2005
830|2006
831|2007
832|2008
833|2009
834|2010
835|2011
836|2012
837|2013
838|2014
839|2015
840|2016
841|2017
842|2018
843|1000
844|1001
845|1002
846|1003
847|1004
848|1005
849|1006
850|1007
851|1008
852|1009
853|1010
854|1011
855|2000
856|2001
857|2002
858|2003
859|2004
860|2005
861|2006
862|2007
863|2008
864|2009
865|2010
866|2011
867|2012
868|2013
869|2014
870|1000
871|1001
872|1002
873|1003
874|1004
875|1005
876|1006
877|1007
878|1008
879|1009
880|1010
881|1011
882|2000
883|2001
884|2002
885|2003
886|2004
887|2005
888|2006
889|2007
890|2008
891|2009
892|2010
893|1000
894|1001
895|1002
896|1003
897|1004
898|1005
899|1006
900|1007
901|1008
902|1009
903|1010
904|1011
905|1012
906|1013
907|1014
908|2000
909|2001
910|2002
911|2003
912|2004
913|2005
914|2006
915|2007
916|2008
917|2009
918|1000
919|1001
920|1002
921|1003
922|1004
923|1005
924|1006
925|1007
926|1008
927|1009
928|1010
929|1011
930|1012
931|1013
932|1014
933|1015
934|1000
935|1001
936|1002
937|1003
938|1004
939|1005
940|1006
941|1007
942|1008
943|1009
944|1010
945|1011
946|2000
947|2001
948|2002
949|2003
950|2004
951|2005
952|2006
953|2007
954|2008
955|2009
956|2010
957|2011
958|1000
959|1001
960|1002
961|1003
962|1004
963|1005
964|1006
965|1007
966|1008
967|1009
968|1010
969|1011
970|1012
971|1013
972|1014
973|1015
974|1016
975|1017
976|1018
977|2000
978|2001
979|2002
980|2003
981|2004
982|2005
983|2006
984|2007
985|2008
986|2009
987|2010
988|2011
989|1000
990|1001
991|1002
992|1003
993|1004
994|1005
995|1006
996|1007
997|1008
998|1009
999|1010
1000|1011
1001|1012
1002|1013
1003|1014
1004|2000
1005|2001
1006|2002
1007|2003
1008|2004
1009|2005
1010|2006
1011|2007
1012|2008
1013|2009
1014|2010
1015|1000
1016|1001
1017|1002
1018|1003
1019|1004
1020|1005
1021|1006
1022|1007
1023|1008
1024|1009
1025|1010
1026|1011
1027|1012
1028|2000
1029|2001
1030|2002
1031|2003
1032|2004
1033|2005
1034|2006
1035|2007
1036|2008
1037|2009
1038|2010
1039|2011
1040|2012
1041|2013
1042|2014
1043|2015
1044|2016
1045|1000
1046|1001
1047|1002
1048|1003
1049|1004
1050|1005
1051|1006
1052|1007
1053|1008
1054|1009
1055|1010
1056|1011
1057|1012
1058|1013
1059|1014
1060|1015
1061|1016
1062|1000
1063|1001
1064|1002
1065|1003
1066|1004
1067|1005
1068|1006
1069|1007
1070|1008
1071|1009
1072|1010
1073|1011
1074|1012
1075|1013
1076|1014
1077|1000
1078|1001
1079|1002
1080|1003
1081|1004
1082|1005
1083|1006
1084|1007
1085|1008
1086|1009
1087|1010
1088|1011
1089|1012
1090|1013
1091|1014
1092|1015
1093|1016
